-- phpMyAdmin SQL Dump
-- version 5.1.1
-- https://www.phpmyadmin.net/

SET SQL_MODE = "NO_AUTO_VALUE_ON_ZERO";
START TRANSACTION;
SET time_zone = "+00:00";

-- --------------------------------------------------------

--
-- Table structure for table `blokk`
--

CREATE TABLE `blokk` (
  `id` bigint(20) NOT NULL,
  `patika_id` bigint(20) NOT NULL,
  `vasarlo_id` bigint(20) NOT NULL,
  `osszeg` int(10) NOT NULL
) ENGINE=InnoDB DEFAULT CHARSET=utf8;

--
-- Truncate table before insert `blokk`
--

TRUNCATE TABLE `blokk`;
--
-- Dumping data for table `blokk`
--

INSERT INTO `blokk` (`id`, `patika_id`, `vasarlo_id`, `osszeg`) VALUES
(1, 3, 44, 12896),
(2, 7, 16, 5437),
(3, 6, 99, 4252),
(4, 3, 60, 5509),
(5, 2, 8, 12157),
(6, 3, 81, 15936),
(7, 1, 92, 8270),
(8, 5, 98, 19131),
(9, 7, 15, 16845),
(10, 9, 3, 11693),
(11, 4, 5, 5201),
(12, 3, 45, 11264),
(13, 7, 78, 13118),
(14, 9, 22, 15332),
(15, 2, 70, 7359),
(16, 9, 87, 15308),
(17, 7, 1, 13000),
(18, 9, 14, 12733),
(19, 1, 34, 5689),
(20, 8, 52, 4473),
(21, 1, 8, 2845),
(22, 5, 98, 12843),
(23, 8, 20, 19076),
(24, 10, 93, 16247),
(25, 10, 54, 17158),
(26, 8, 53, 15046),
(27, 3, 63, 7384),
(28, 4, 69, 17143),
(29, 10, 49, 3469),
(30, 4, 57, 17770),
(31, 3, 68, 12465),
(32, 10, 80, 19202),
(33, 6, 67, 4519),
(34, 6, 30, 7663),
(35, 8, 15, 9085),
(36, 6, 92, 8229),
(37, 1, 2, 10635),
(38, 10, 57, 9423),
(39, 2, 70, 14175),
(40, 1, 100, 5396),
(41, 9, 8, 15242),
(42, 2, 13, 17961),
(43, 7, 40, 5958),
(44, 9, 84, 5507),
(45, 5, 22, 15791),
(46, 1, 81, 4319),
(47, 9, 11, 18153),
(48, 7, 75, 15306),
(49, 6, 4, 8345),
(50, 7, 21, 5713),
(51, 6, 4, 15653),
(52, 3, 62, 3138),
(53, 7, 2, 19450),
(54, 9, 48, 8398),
(55, 4, 5, 3769),
(56, 7, 54, 3622),
(57, 8, 25, 18769),
(58, 4, 61, 2121),
(59, 2, 81, 2749),
(60, 9, 27, 7724),
(61, 5, 100, 4012),
(62, 6, 29, 13817),
(63, 2, 8, 9421),
(64, 8, 87, 19764),
(65, 1, 72, 14519),
(66, 2, 58, 15900),
(67, 7, 70, 13344),
(68, 8, 62, 12566),
(69, 9, 89, 9977),
(70, 3, 63, 8716),
(71, 6, 45, 9041),
(72, 8, 14, 16402),
(73, 8, 66, 5593),
(74, 3, 96, 15746),
(75, 1, 5, 10283),
(76, 5, 50, 4730),
(77, 3, 76, 4681),
(78, 9, 1, 6350),
(79, 2, 99, 6556),
(80, 7, 93, 17303),
(81, 1, 80, 4984),
(82, 2, 59, 6483),
(83, 5, 44, 8462),
(84, 6, 38, 12944),
(85, 6, 97, 13391),
(86, 3, 78, 2145),
(87, 3, 23, 13514),
(88, 5, 73, 15004),
(89, 2, 10, 9318),
(90, 10, 38, 2956),
(91, 5, 77, 16924),
(92, 4, 59, 6486),
(93, 1, 72, 13856),
(94, 4, 18, 14360),
(95, 7, 85, 10769),
(96, 10, 97, 14433),
(97, 10, 26, 19446),
(98, 9, 45, 16365),
(99, 10, 84, 17094),
(100, 1, 64, 8423),
(101, 9, 69, 8762),
(102, 3, 3, 18399),
(103, 9, 8, 15217),
(104, 6, 95, 14019),
(105, 9, 44, 11626),
(106, 4, 5, 7654),
(107, 8, 17, 18484),
(108, 6, 5, 4813),
(109, 9, 9, 19633),
(110, 6, 52, 15617),
(111, 2, 37, 5519),
(112, 5, 93, 16144),
(113, 5, 1, 3979),
(114, 2, 95, 15309),
(115, 10, 11, 3001),
(116, 10, 24, 19210),
(117, 4, 89, 12953),
(118, 6, 14, 5852),
(119, 8, 47, 10714),
(120, 5, 36, 10886),
(121, 7, 12, 7661),
(122, 4, 70, 7570),
(123, 8, 35, 7018),
(124, 5, 76, 5985),
(125, 5, 100, 11999),
(126, 8, 9, 19193),
(127, 6, 48, 8694),
(128, 8, 75, 11747),
(129, 8, 78, 12059),
(130, 5, 31, 8449),
(131, 1, 80, 7601),
(132, 5, 92, 1671),
(133, 1, 5, 10222),
(134, 2, 36, 7150),
(135, 2, 75, 9757),
(136, 7, 62, 6848),
(137, 3, 80, 12376),
(138, 7, 47, 2105),
(139, 3, 37, 2548),
(140, 5, 46, 9884),
(141, 6, 88, 15854),
(142, 9, 52, 10124),
(143, 5, 28, 16016),
(144, 5, 12, 18845),
(145, 2, 73, 10197),
(146, 7, 47, 12449),
(147, 8, 81, 11690),
(148, 3, 33, 2466),
(149, 1, 63, 18628),
(150, 1, 19, 17223),
(151, 3, 60, 13763),
(152, 1, 98, 16039),
(153, 6, 67, 5538),
(154, 4, 80, 18299),
(155, 2, 24, 12979),
(156, 1, 66, 13977),
(157, 8, 94, 14460),
(158, 9, 81, 12065),
(159, 1, 99, 5627),
(160, 1, 36, 5311),
(161, 4, 100, 17697),
(162, 9, 71, 13101),
(163, 7, 83, 4256),
(164, 3, 15, 19715),
(165, 1, 25, 10974),
(166, 7, 33, 19710),
(167, 6, 66, 3427),
(168, 4, 61, 4319),
(169, 6, 65, 8597),
(170, 9, 3, 7646),
(171, 2, 62, 6332),
(172, 3, 31, 6589),
(173, 6, 1, 10445),
(174, 9, 43, 11045),
(175, 4, 47, 15712),
(176, 5, 54, 19222),
(177, 8, 17, 17542),
(178, 6, 62, 5872),
(179, 4, 17, 10347),
(180, 2, 72, 4590),
(181, 6, 51, 7796),
(182, 10, 22, 1695),
(183, 8, 17, 4851),
(184, 4, 93, 8911),
(185, 8, 92, 11078),
(186, 5, 21, 14461),
(187, 9, 57, 8752),
(188, 9, 74, 2638),
(189, 4, 21, 2673),
(190, 9, 39, 5518),
(191, 9, 56, 12318),
(192, 3, 3, 5446),
(193, 7, 55, 5204),
(194, 7, 40, 11346),
(195, 5, 44, 11525),
(196, 9, 79, 3494),
(197, 6, 93, 15457),
(198, 2, 96, 16153),
(199, 9, 15, 3232),
(200, 2, 64, 10042),
(201, 9, 26, 16638),
(202, 9, 77, 12055),
(203, 1, 53, 3238),
(204, 5, 6, 16976),
(205, 10, 50, 12620),
(206, 7, 72, 5805),
(207, 8, 93, 19486),
(208, 10, 27, 16275),
(209, 7, 31, 13610),
(210, 10, 27, 4360),
(211, 5, 66, 6854),
(212, 6, 79, 6707),
(213, 8, 43, 16577),
(214, 4, 94, 5360),
(215, 7, 61, 18274),
(216, 5, 72, 7838),
(217, 3, 53, 4430),
(218, 7, 78, 14540),
(219, 7, 14, 2450),
(220, 1, 30, 19027),
(221, 1, 37, 10494),
(222, 4, 66, 3364),
(223, 1, 2, 13011),
(224, 10, 15, 6824),
(225, 1, 87, 12238),
(226, 3, 19, 19142),
(227, 2, 9, 11805),
(228, 10, 85, 7225),
(229, 3, 65, 8206),
(230, 8, 37, 19317),
(231, 8, 30, 6704),
(232, 6, 97, 5401),
(233, 4, 2, 13421),
(234, 6, 26, 8269),
(235, 2, 45, 2581),
(236, 4, 59, 10417),
(237, 8, 43, 12888),
(238, 4, 48, 15971),
(239, 10, 91, 17918),
(240, 1, 19, 3808),
(241, 6, 8, 17178),
(242, 8, 69, 10352),
(243, 10, 88, 15929),
(244, 4, 92, 15980),
(245, 3, 5, 9631),
(246, 9, 65, 15154),
(247, 8, 95, 6948),
(248, 6, 37, 5666),
(249, 10, 49, 9516),
(250, 8, 60, 18500),
(251, 10, 13, 15390),
(252, 7, 35, 14063),
(253, 6, 8, 19100),
(254, 2, 51, 2901),
(255, 6, 100, 10653),
(256, 2, 62, 14368),
(257, 1, 53, 13804),
(258, 3, 37, 16420),
(259, 9, 67, 4454),
(260, 8, 55, 11704),
(261, 5, 12, 19685),
(262, 7, 56, 12198),
(263, 5, 14, 10311),
(264, 2, 64, 5552),
(265, 5, 49, 18013),
(266, 3, 50, 11814),
(267, 9, 60, 13451),
(268, 1, 45, 5338),
(269, 3, 11, 17617),
(270, 2, 86, 14767),
(271, 3, 98, 1480),
(272, 1, 10, 12112),
(273, 10, 35, 7878),
(274, 7, 74, 7083),
(275, 1, 41, 19370),
(276, 2, 75, 14372),
(277, 7, 88, 9184),
(278, 4, 17, 2927),
(279, 3, 47, 4748),
(280, 10, 26, 15305),
(281, 6, 65, 2061),
(282, 4, 31, 11932),
(283, 9, 83, 10234),
(284, 6, 14, 8318),
(285, 7, 27, 11240),
(286, 3, 50, 17047),
(287, 2, 13, 16757),
(288, 2, 96, 15221),
(289, 3, 48, 11855),
(290, 3, 54, 4344),
(291, 2, 84, 14187),
(292, 7, 83, 10475),
(293, 10, 34, 16148),
(294, 4, 28, 7893),
(295, 10, 68, 18701),
(296, 10, 2, 7516),
(297, 8, 88, 3452),
(298, 9, 50, 6618),
(299, 2, 19, 8535),
(300, 2, 89, 4383),
(301, 7, 63, 15779),
(302, 2, 29, 13592),
(303, 5, 89, 4637),
(304, 8, 6, 10424),
(305, 2, 51, 15959),
(306, 4, 97, 14060),
(307, 10, 75, 3794),
(308, 5, 95, 16548),
(309, 10, 67, 8943),
(310, 3, 61, 14218),
(311, 7, 47, 10315),
(312, 8, 84, 18842),
(313, 8, 50, 11707),
(314, 10, 100, 1639),
(315, 9, 91, 6368),
(316, 4, 59, 10336),
(317, 3, 92, 19126),
(318, 3, 2, 13179),
(319, 5, 89, 16362),
(320, 5, 89, 19636),
(321, 2, 1, 7480),
(322, 4, 42, 10980),
(323, 3, 41, 16824),
(324, 1, 56, 7245),
(325, 10, 37, 15908),
(326, 9, 93, 9251),
(327, 3, 53, 11396),
(328, 7, 100, 10637),
(329, 7, 21, 11817),
(330, 6, 59, 6325),
(331, 3, 65, 8811),
(332, 9, 36, 16212),
(333, 1, 79, 5656),
(334, 8, 80, 5154),
(335, 4, 19, 9777),
(336, 1, 70, 7323),
(337, 10, 9, 16488),
(338, 1, 30, 12816),
(339, 2, 61, 3549),
(340, 6, 7, 16281),
(341, 1, 63, 7816),
(342, 4, 83, 12249),
(343, 4, 36, 4564),
(344, 5, 19, 1633),
(345, 7, 68, 7262),
(346, 1, 75, 16582),
(347, 4, 97, 17051),
(348, 4, 25, 7519),
(349, 3, 70, 15346),
(350, 5, 79, 9744),
(351, 8, 21, 12080),
(352, 4, 2, 1578),
(353, 2, 36, 6269),
(354, 9, 96, 3515),
(355, 8, 36, 5612),
(356, 7, 97, 6880),
(357, 6, 71, 4553),
(358, 10, 83, 1562),
(359, 3, 12, 17907),
(360, 7, 22, 14323),
(361, 2, 62, 18152),
(362, 3, 31, 13722),
(363, 5, 89, 19708),
(364, 4, 3, 12934),
(365, 1, 85, 9860),
(366, 1, 9, 10777),
(367, 4, 12, 13117),
(368, 10, 39, 10284),
(369, 2, 61, 13230),
(370, 9, 13, 10345),
(371, 4, 55, 1808),
(372, 5, 64, 14192),
(373, 1, 62, 12315),
(374, 6, 61, 16161),
(375, 9, 27, 18817),
(376, 9, 52, 11536),
(377, 7, 80, 7889),
(378, 7, 55, 14581),
(379, 2, 31, 11930),
(380, 9, 54, 19764),
(381, 2, 32, 15819),
(382, 10, 65, 13426),
(383, 7, 15, 15678),
(384, 1, 84, 9604),
(385, 4, 23, 15581),
(386, 10, 3, 16300),
(387, 7, 10, 3797),
(388, 6, 6, 11025),
(389, 3, 56, 15535),
(390, 1, 73, 2100),
(391, 10, 90, 3449),
(392, 10, 75, 13072),
(393, 8, 11, 3458),
(394, 8, 38, 3145),
(395, 1, 62, 5564),
(396, 10, 40, 15877),
(397, 4, 54, 6024),
(398, 5, 91, 11812),
(399, 1, 77, 12989),
(400, 1, 23, 14876),
(401, 6, 50, 10436),
(402, 6, 78, 13798),
(403, 8, 20, 16064),
(404, 2, 8, 17198),
(405, 2, 12, 3225),
(406, 5, 7, 1541),
(407, 6, 39, 13051),
(408, 3, 23, 12302),
(409, 1, 77, 2666),
(410, 7, 84, 18489),
(411, 4, 100, 8347),
(412, 10, 41, 5717),
(413, 3, 50, 11646),
(414, 1, 67, 5648),
(415, 5, 9, 18636),
(416, 1, 25, 14942),
(417, 5, 3, 14379),
(418, 9, 62, 11956),
(419, 2, 93, 15105),
(420, 3, 78, 13902),
(421, 8, 27, 7290),
(422, 6, 91, 1464),
(423, 10, 70, 18649),
(424, 1, 55, 14297),
(425, 6, 89, 8077),
(426, 2, 94, 13554),
(427, 9, 25, 5581),
(428, 6, 51, 19272),
(429, 9, 88, 11237),
(430, 9, 2, 9156),
(431, 4, 27, 8780),
(432, 3, 60, 2494),
(433, 8, 79, 5167),
(434, 1, 4, 3197),
(435, 5, 73, 15368),
(436, 6, 13, 2677),
(437, 4, 85, 13787),
(438, 5, 26, 14633),
(439, 8, 20, 12664),
(440, 6, 15, 18830),
(441, 2, 83, 11698),
(442, 8, 45, 19502),
(443, 8, 78, 12493),
(444, 7, 22, 1486),
(445, 3, 95, 9564),
(446, 3, 34, 3018),
(447, 1, 56, 10793),
(448, 7, 90, 14147),
(449, 2, 23, 3922),
(450, 8, 49, 16179),
(451, 2, 6, 10465),
(452, 3, 54, 8326),
(453, 5, 47, 16579),
(454, 9, 86, 7900),
(455, 10, 96, 9799),
(456, 7, 57, 15958),
(457, 8, 71, 18633),
(458, 1, 56, 9593),
(459, 1, 47, 8925),
(460, 8, 71, 7065),
(461, 5, 60, 7760),
(462, 6, 12, 13358),
(463, 3, 7, 17644),
(464, 4, 6, 12212),
(465, 2, 55, 18699),
(466, 7, 21, 19387),
(467, 10, 85, 4030),
(468, 4, 25, 6073),
(469, 3, 81, 4947),
(470, 6, 97, 13043),
(471, 10, 15, 12699),
(472, 1, 87, 11218),
(473, 5, 52, 17342),
(474, 2, 20, 14698),
(475, 4, 25, 4290),
(476, 2, 15, 7828),
(477, 4, 15, 18188),
(478, 7, 26, 15686),
(479, 1, 33, 17892),
(480, 6, 1, 14944),
(481, 8, 17, 16314),
(482, 8, 88, 6906),
(483, 3, 92, 19360),
(484, 5, 18, 18717),
(485, 7, 62, 1656),
(486, 6, 3, 8996),
(487, 10, 61, 19021),
(488, 9, 35, 8949),
(489, 2, 29, 13154),
(490, 1, 85, 3191),
(491, 2, 57, 16098),
(492, 10, 44, 2504),
(493, 4, 18, 1673),
(494, 3, 6, 14908),
(495, 2, 96, 10163),
(496, 2, 66, 18170),
(497, 8, 2, 2961),
(498, 6, 60, 11243),
(499, 8, 15, 8954),
(500, 2, 26, 14772),
(501, 7, 67, 11785),
(502, 8, 98, 2426),
(503, 4, 29, 2290),
(504, 7, 69, 14085),
(505, 7, 36, 10576),
(506, 9, 33, 19678),
(507, 2, 58, 6187),
(508, 7, 66, 9129),
(509, 1, 3, 15907),
(510, 6, 71, 2206),
(511, 5, 97, 5023),
(512, 3, 10, 3715),
(513, 7, 84, 8388),
(514, 1, 8, 11524),
(515, 1, 21, 12356),
(516, 4, 24, 3073),
(517, 10, 68, 5339),
(518, 8, 57, 18759),
(519, 3, 33, 15959),
(520, 2, 64, 14946),
(521, 2, 26, 2395),
(522, 2, 40, 19736),
(523, 1, 11, 14224),
(524, 6, 57, 13242),
(525, 9, 15, 10636),
(526, 2, 73, 11256),
(527, 8, 37, 9807),
(528, 1, 89, 9568),
(529, 9, 61, 1687),
(530, 3, 34, 18761),
(531, 8, 38, 18412),
(532, 5, 59, 9950),
(533, 10, 94, 14059),
(534, 9, 31, 4118),
(535, 6, 32, 17642),
(536, 10, 36, 17915),
(537, 3, 15, 16634),
(538, 8, 67, 11847),
(539, 7, 22, 7446),
(540, 10, 72, 6080),
(541, 8, 93, 3703),
(542, 6, 47, 11146),
(543, 1, 18, 11873),
(544, 1, 42, 11144),
(545, 7, 79, 16772),
(546, 3, 85, 15857),
(547, 4, 90, 17152),
(548, 9, 51, 18332),
(549, 1, 28, 2868),
(550, 6, 22, 5295),
(551, 8, 49, 4499),
(552, 6, 41, 10207),
(553, 3, 47, 4741),
(554, 6, 85, 10178),
(555, 2, 97, 1654),
(556, 2, 91, 5742),
(557, 10, 85, 14042),
(558, 3, 43, 15089),
(559, 7, 96, 12394),
(560, 3, 38, 11945),
(561, 5, 94, 17775),
(562, 4, 35, 2583),
(563, 8, 41, 11896),
(564, 2, 52, 7782),
(565, 7, 45, 7945),
(566, 1, 2, 3801),
(567, 6, 62, 4978),
(568, 7, 85, 11689),
(569, 9, 78, 18942),
(570, 1, 11, 14170),
(571, 10, 33, 12220),
(572, 6, 28, 17564),
(573, 6, 25, 18662),
(574, 4, 34, 9641),
(575, 1, 37, 8651),
(576, 5, 97, 13014),
(577, 10, 56, 9517),
(578, 7, 94, 2300),
(579, 7, 14, 3950),
(580, 1, 87, 17529),
(581, 9, 28, 17741),
(582, 6, 11, 6926),
(583, 5, 11, 9827),
(584, 1, 53, 13751),
(585, 5, 53, 8317),
(586, 10, 5, 6003),
(587, 1, 22, 12260),
(588, 4, 86, 18763),
(589, 9, 40, 6835),
(590, 4, 73, 4793),
(591, 8, 36, 7009),
(592, 7, 24, 11718),
(593, 3, 44, 9253),
(594, 7, 33, 19584),
(595, 10, 98, 4164),
(596, 4, 74, 18907),
(597, 2, 63, 6438),
(598, 9, 13, 19605),
(599, 3, 37, 9893),
(600, 9, 69, 18940),
(601, 8, 67, 2290),
(602, 5, 9, 17367),
(603, 2, 87, 12758),
(604, 2, 37, 9240),
(605, 7, 27, 15224),
(606, 1, 88, 6556),
(607, 3, 40, 4640),
(608, 10, 28, 6895),
(609, 8, 52, 17368),
(610, 4, 6, 19914),
(611, 6, 48, 5157),
(612, 3, 9, 9683),
(613, 1, 59, 17676),
(614, 9, 99, 11500),
(615, 4, 7, 19520),
(616, 3, 56, 5039),
(617, 3, 9, 3266),
(618, 4, 86, 18948),
(619, 3, 51, 11064),
(620, 10, 81, 17101),
(621, 5, 89, 18215),
(622, 6, 36, 8284),
(623, 9, 30, 13631),
(624, 10, 52, 12857),
(625, 5, 96, 10212),
(626, 8, 46, 19249),
(627, 9, 20, 4446),
(628, 6, 76, 9452),
(629, 1, 66, 13252),
(630, 9, 69, 17736),
(631, 9, 34, 7985),
(632, 4, 92, 11059),
(633, 4, 37, 5167),
(634, 5, 74, 17141),
(635, 6, 75, 4351),
(636, 10, 99, 7859),
(637, 7, 1, 19656),
(638, 2, 55, 8393),
(639, 9, 93, 16937),
(640, 10, 91, 19224),
(641, 6, 77, 6249),
(642, 4, 16, 14134),
(643, 5, 47, 11644),
(644, 2, 82, 4346),
(645, 7, 42, 12964),
(646, 10, 69, 3500),
(647, 5, 9, 4673),
(648, 4, 72, 12162),
(649, 6, 84, 17935),
(650, 8, 97, 5301),
(651, 1, 2, 14848),
(652, 10, 93, 13255),
(653, 10, 80, 16813),
(654, 9, 98, 11758),
(655, 7, 92, 3977),
(656, 8, 64, 19488),
(657, 3, 66, 13550),
(658, 1, 31, 8927),
(659, 6, 9, 4623),
(660, 1, 80, 19975),
(661, 1, 25, 10176),
(662, 7, 40, 19652),
(663, 3, 92, 11639),
(664, 2, 65, 6432),
(665, 5, 1, 16048),
(666, 9, 54, 7548),
(667, 2, 58, 12804),
(668, 7, 22, 9752),
(669, 3, 61, 18400),
(670, 7, 65, 18645),
(671, 6, 43, 15375),
(672, 2, 54, 13153),
(673, 1, 90, 4625),
(674, 4, 31, 4229),
(675, 8, 84, 14686),
(676, 5, 83, 9931),
(677, 7, 69, 3385),
(678, 3, 47, 3454),
(679, 7, 74, 13317),
(680, 5, 48, 4631),
(681, 5, 90, 2835),
(682, 8, 74, 16430),
(683, 10, 75, 12106),
(684, 10, 2, 19978),
(685, 10, 78, 16088),
(686, 2, 37, 7892),
(687, 6, 22, 6375),
(688, 2, 59, 17998),
(689, 7, 82, 14742),
(690, 2, 61, 12852),
(691, 4, 57, 11946),
(692, 5, 75, 3871),
(693, 10, 18, 6003),
(694, 1, 79, 7744),
(695, 2, 62, 19582),
(696, 1, 32, 3361),
(697, 9, 57, 9048),
(698, 8, 65, 1511),
(699, 7, 26, 12152),
(700, 4, 52, 10675),
(701, 1, 79, 12224),
(702, 7, 33, 18547),
(703, 6, 65, 8300),
(704, 10, 67, 14105),
(705, 9, 59, 19238),
(706, 4, 94, 18339),
(707, 4, 52, 9792),
(708, 7, 14, 17279),
(709, 2, 30, 9178),
(710, 3, 44, 19533),
(711, 3, 85, 3765),
(712, 9, 67, 16296),
(713, 2, 83, 8392),
(714, 10, 94, 17305),
(715, 8, 15, 19389),
(716, 9, 96, 11532),
(717, 5, 6, 9076),
(718, 1, 16, 17700),
(719, 1, 11, 8628),
(720, 5, 30, 6080),
(721, 7, 68, 4468),
(722, 7, 75, 1696),
(723, 10, 99, 8511),
(724, 10, 34, 8181),
(725, 10, 36, 2276),
(726, 2, 46, 2702),
(727, 1, 58, 18468),
(728, 5, 13, 1989),
(729, 8, 17, 14066),
(730, 4, 68, 12762),
(731, 8, 81, 12297),
(732, 1, 3, 17224),
(733, 1, 40, 15847),
(734, 2, 67, 16735),
(735, 10, 9, 14145),
(736, 3, 75, 18059),
(737, 5, 3, 4133),
(738, 4, 67, 13787),
(739, 4, 48, 13294),
(740, 6, 44, 2464),
(741, 9, 2, 3896),
(742, 6, 19, 12612),
(743, 9, 9, 17664),
(744, 4, 7, 18203),
(745, 2, 15, 10482),
(746, 8, 8, 10560),
(747, 7, 34, 17154),
(748, 10, 5, 19904),
(749, 5, 29, 10482),
(750, 1, 28, 4279),
(751, 4, 85, 9542),
(752, 5, 48, 18692),
(753, 6, 76, 18331),
(754, 10, 87, 12902),
(755, 4, 21, 9971),
(756, 1, 29, 2477),
(757, 8, 72, 10822),
(758, 7, 36, 4782),
(759, 4, 1, 6148),
(760, 5, 8, 8093),
(761, 3, 83, 11607),
(762, 5, 68, 1931),
(763, 2, 93, 5017),
(764, 7, 68, 1933),
(765, 9, 77, 6483),
(766, 3, 42, 12547),
(767, 9, 90, 2782),
(768, 1, 37, 15786),
(769, 3, 72, 19303),
(770, 6, 12, 7536),
(771, 9, 86, 14316),
(772, 2, 30, 19685),
(773, 3, 14, 13021),
(774, 10, 59, 3666),
(775, 6, 10, 11701),
(776, 10, 5, 4897),
(777, 6, 22, 19130),
(778, 9, 16, 3271),
(779, 9, 23, 16488),
(780, 9, 44, 16876),
(781, 2, 92, 4387),
(782, 6, 55, 13370),
(783, 9, 74, 6475),
(784, 10, 11, 4140),
(785, 1, 67, 6195),
(786, 6, 89, 13156),
(787, 4, 44, 16099),
(788, 5, 3, 11981),
(789, 8, 35, 1512),
(790, 5, 19, 13990),
(791, 7, 33, 1881),
(792, 6, 100, 7903),
(793, 1, 75, 10753),
(794, 7, 8, 5527),
(795, 5, 92, 6550),
(796, 6, 65, 17726),
(797, 9, 61, 16280),
(798, 5, 58, 9346),
(799, 4, 74, 10764),
(800, 6, 33, 18457),
(801, 3, 62, 9338),
(802, 9, 22, 14685),
(803, 8, 9, 10179),
(804, 1, 59, 9574),
(805, 9, 46, 1587),
(806, 8, 28, 10455),
(807, 3, 78, 17345),
(808, 2, 64, 13582),
(809, 3, 88, 3108),
(810, 6, 91, 16925),
(811, 5, 5, 7698),
(812, 6, 5, 9731),
(813, 10, 46, 4205),
(814, 1, 24, 2188),
(815, 8, 15, 19533),
(816, 6, 64, 16128),
(817, 1, 51, 8041),
(818, 3, 78, 8770),
(819, 8, 35, 17913),
(820, 10, 27, 1836),
(821, 2, 9, 9487),
(822, 4, 73, 2558),
(823, 9, 50, 7791),
(824, 6, 40, 6404),
(825, 4, 16, 11952),
(826, 2, 2, 15337),
(827, 1, 6, 6305),
(828, 7, 24, 14614),
(829, 5, 21, 19744),
(830, 9, 71, 17239),
(831, 9, 46, 14198),
(832, 7, 72, 9711),
(833, 1, 97, 17012),
(834, 2, 84, 15950),
(835, 3, 17, 9911),
(836, 9, 39, 11947),
(837, 6, 81, 13439),
(838, 3, 40, 8623),
(839, 3, 74, 16275),
(840, 5, 17, 13564),
(841, 3, 54, 9533),
(842, 7, 78, 5838),
(843, 5, 24, 19595),
(844, 5, 97, 11825),
(845, 5, 43, 3190),
(846, 5, 64, 16461),
(847, 5, 83, 3690),
(848, 8, 86, 19925),
(849, 5, 13, 11828),
(850, 10, 69, 13357),
(851, 6, 52, 17491),
(852, 5, 93, 18832),
(853, 1, 33, 1526),
(854, 8, 62, 5105),
(855, 5, 17, 17385),
(856, 9, 10, 11230),
(857, 2, 45, 4904),
(858, 1, 75, 5723),
(859, 2, 64, 7138),
(860, 10, 77, 4533),
(861, 4, 52, 19858),
(862, 6, 50, 14486),
(863, 8, 25, 17335),
(864, 4, 63, 11180),
(865, 9, 73, 3742),
(866, 10, 17, 12660),
(867, 8, 94, 17488),
(868, 2, 37, 4396),
(869, 3, 27, 13204),
(870, 2, 90, 5537),
(871, 2, 81, 12844),
(872, 1, 21, 2776),
(873, 8, 95, 1559),
(874, 4, 86, 2402),
(875, 3, 89, 18387),
(876, 10, 4, 7262),
(877, 5, 33, 7790),
(878, 7, 25, 16751),
(879, 5, 11, 14111),
(880, 9, 4, 1927),
(881, 4, 29, 15343),
(882, 6, 77, 2208),
(883, 4, 33, 3173),
(884, 9, 34, 11148),
(885, 2, 38, 12093),
(886, 4, 71, 5885),
(887, 4, 84, 14248),
(888, 1, 91, 10367),
(889, 7, 73, 1513),
(890, 9, 96, 3891),
(891, 2, 60, 10566),
(892, 4, 93, 2184),
(893, 7, 70, 13842),
(894, 4, 57, 5823),
(895, 8, 44, 11403),
(896, 2, 81, 2933),
(897, 6, 71, 10855),
(898, 4, 4, 8021),
(899, 2, 83, 15360),
(900, 1, 90, 2894),
(901, 10, 75, 8757),
(902, 8, 6, 13968),
(903, 7, 5, 14131),
(904, 7, 3, 8307),
(905, 3, 21, 3995),
(906, 8, 94, 9894),
(907, 5, 7, 10294),
(908, 4, 68, 8998),
(909, 3, 70, 8228),
(910, 1, 71, 9000),
(911, 6, 56, 6525),
(912, 6, 9, 5326),
(913, 4, 36, 4596),
(914, 7, 87, 19107),
(915, 2, 18, 14920),
(916, 2, 50, 17889),
(917, 2, 47, 16329),
(918, 2, 40, 1751),
(919, 4, 79, 10668),
(920, 5, 26, 4318),
(921, 4, 62, 14699),
(922, 7, 35, 5423),
(923, 5, 31, 7577),
(924, 6, 45, 4418),
(925, 7, 23, 15398),
(926, 8, 32, 4486),
(927, 1, 38, 16855),
(928, 8, 5, 19811),
(929, 4, 11, 11526),
(930, 4, 63, 17922),
(931, 7, 71, 13669),
(932, 7, 85, 4526),
(933, 7, 85, 5895),
(934, 3, 39, 18654),
(935, 10, 70, 7895),
(936, 8, 20, 10734),
(937, 2, 79, 3992),
(938, 1, 42, 19767),
(939, 5, 1, 10847),
(940, 8, 15, 11143),
(941, 4, 16, 18157),
(942, 8, 37, 11841),
(943, 4, 67, 6060),
(944, 2, 69, 4790),
(945, 3, 16, 3571),
(946, 2, 63, 4227),
(947, 9, 9, 9129),
(948, 2, 42, 10025),
(949, 5, 80, 12504),
(950, 7, 74, 2223),
(951, 9, 90, 18245),
(952, 3, 78, 6333),
(953, 9, 75, 4227),
(954, 4, 66, 3827),
(955, 10, 85, 8545),
(956, 7, 78, 6469),
(957, 2, 61, 2463),
(958, 1, 1, 10782),
(959, 7, 78, 10665),
(960, 4, 23, 11295),
(961, 3, 64, 8616),
(962, 1, 11, 1661),
(963, 6, 76, 1984),
(964, 4, 22, 8525),
(965, 6, 76, 9521),
(966, 4, 39, 8466),
(967, 2, 89, 3618),
(968, 2, 92, 11051),
(969, 4, 71, 15677),
(970, 1, 15, 13714),
(971, 10, 38, 16843),
(972, 8, 14, 4210),
(973, 6, 92, 19324),
(974, 2, 39, 13150),
(975, 1, 6, 14987),
(976, 4, 67, 14222),
(977, 1, 68, 17287),
(978, 1, 27, 14739),
(979, 9, 96, 5521),
(980, 5, 48, 5400),
(981, 7, 2, 1797),
(982, 6, 99, 19514),
(983, 5, 13, 8764),
(984, 8, 64, 19621),
(985, 7, 55, 10972),
(986, 5, 67, 7710),
(987, 7, 22, 5437),
(988, 5, 83, 15747),
(989, 1, 16, 12369),
(990, 2, 55, 16287),
(991, 10, 39, 14673),
(992, 2, 69, 10118),
(993, 8, 30, 6246),
(994, 7, 21, 6874),
(995, 5, 28, 6881),
(996, 5, 79, 6928),
(997, 7, 47, 4734),
(998, 4, 70, 16978),
(999, 7, 32, 14574),
(1000, 8, 92, 17913);

-- --------------------------------------------------------

--
-- Table structure for table `patika`
--

CREATE TABLE `patika` (
  `id` bigint(20) NOT NULL,
  `nev` varchar(255) NOT NULL,
  `patika_tipus_id` bigint(20) NOT NULL
) ENGINE=InnoDB DEFAULT CHARSET=utf8;

--
-- Truncate table before insert `patika`
--

TRUNCATE TABLE `patika`;
--
-- Dumping data for table `patika`
--

INSERT INTO `patika` (`id`, `nev`, `patika_tipus_id`) VALUES
(1, 'Sas Gyógyszertár', 2),
(2, 'Mérleg Gyógyszertár', 2),
(3, 'Aranykereszt Patika', 2),
(4, 'Kereszt Patika', 1),
(5, 'Sas Patika', 1),
(6, 'Arany sas Patika', 1),
(7, 'Diófa Gyógyszertár', 2),
(8, 'Mérleg Gyógyszertár', 1),
(9, 'Virág Patika', 2),
(10, 'Virág Gyógyszertár', 2);

-- --------------------------------------------------------

--
-- Table structure for table `patika_tipus`
--

CREATE TABLE `patika_tipus` (
  `id` bigint(20) NOT NULL,
  `nev` varchar(255) NOT NULL
) ENGINE=InnoDB DEFAULT CHARSET=utf8;

--
-- Truncate table before insert `patika_tipus`
--

TRUNCATE TABLE `patika_tipus`;
--
-- Dumping data for table `patika_tipus`
--

INSERT INTO `patika_tipus` (`id`, `nev`) VALUES
(1, 'ALMA'),
(2, 'Gyöngy');

-- --------------------------------------------------------

--
-- Table structure for table `vasarlo`
--

CREATE TABLE `vasarlo` (
  `id` bigint(20) NOT NULL,
  `nev` varchar(255) NOT NULL,
  `telepules` varchar(255) NOT NULL
) ENGINE=InnoDB DEFAULT CHARSET=utf8;

--
-- Truncate table before insert `vasarlo`
--

TRUNCATE TABLE `vasarlo`;
--
-- Dumping data for table `vasarlo`
--

INSERT INTO `vasarlo` (`id`, `nev`, `telepules`) VALUES
(1, 'Németh János', 'Győr'),
(2, 'Németh Máté', 'Miskolc'),
(3, 'Kovács Béla', 'Gyömrő'),
(4, 'Kis Mihály', 'Vecsés'),
(5, 'Kis Andrea', 'Maglód'),
(6, 'Kovács Andrea', 'Budapest'),
(7, 'Németh Ágnes', 'Maglód'),
(8, 'Mészáros Jenő', 'Vecsés'),
(9, 'Kovács Péter', 'Budapest'),
(10, 'Mészáros Krisztián', 'Debrecen'),
(11, 'Szűcs Ágnes', 'Budapest'),
(12, 'Nagy Márk', 'Szeged'),
(13, 'Szűcs Jenő', 'Debrecen'),
(14, 'Németh Krisztián', 'Maglód'),
(15, 'Kis Krisztián', 'Miskolc'),
(16, 'Németh Adrienn', 'Budapest'),
(17, 'Németh Virág', 'Debrecen'),
(18, 'Szűcs Máté', 'Üllő'),
(19, 'Nagy Virág', 'Gyömrő'),
(20, 'Kis Márk', 'Érd'),
(21, 'Kovács Mihály', 'Gyömrő'),
(22, 'Asztalos Virág', 'Szeged'),
(23, 'Szűcs Péter', 'Győr'),
(24, 'Nagy Andrea', 'Szeged'),
(25, 'Mészáros Béla', 'Szombathely'),
(26, 'Kovács Márk', 'Gyömrő'),
(27, 'Németh Krisztián', 'Maglód'),
(28, 'Nagy Andrea', 'Üllő'),
(29, 'Mészáros Mihály', 'Debrecen'),
(30, 'Mészáros Márk', 'Debrecen'),
(31, 'Havas Andrea', 'Maglód'),
(32, 'Asztalos Ágnes', 'Szentendre'),
(33, 'Szűcs Péter', 'Maglód'),
(34, 'Kovács Péter', 'Gyömrő'),
(35, 'Mészáros Andrea', 'Miskolc'),
(36, 'Asztalos Gabriella', 'Szentendre'),
(37, 'Szűcs Krisztián', 'Nyíregyháza'),
(38, 'Mészáros Judit', 'Gyömrő'),
(39, 'Mészáros Mihály', 'Nyíregyháza'),
(40, 'Kovács Mihály', 'Vecsés'),
(41, 'Németh Judit', 'Vecsés'),
(42, 'Kovács Virág', 'Maglód'),
(43, 'Nagy Géza', 'Győr'),
(44, 'Asztalos Mihály', 'Debrecen'),
(45, 'Szűcs Ágnes', 'Szombathely'),
(46, 'Havas Virág', 'Érd'),
(47, 'Kovács Adrienn', 'Budapest'),
(48, 'Nagy Mihály', 'Debrecen'),
(49, 'Kis Béla', 'Szombathely'),
(50, 'Mészáros Ágnes', 'Debrecen'),
(51, 'Szűcs Mihály', 'Budapest'),
(52, 'Szűcs Adrienn', 'Gyömrő'),
(53, 'Nagy Gabriella', 'Gyömrő'),
(54, 'Nagy Béla', 'Szombathely'),
(55, 'Havas Péter', 'Gyömrő'),
(56, 'Kis Andrea', 'Nyíregyháza'),
(57, 'Nagy Angéla', 'Szeged'),
(58, 'Asztalos Angéla', 'Szombathely'),
(59, 'Kis Gabriella', 'Debrecen'),
(60, 'Szűcs Andrea', 'Üllő'),
(61, 'Szűcs Krisztián', 'Szombathely'),
(62, 'Németh Andrea', 'Üllő'),
(63, 'Kis Péter', 'Szombathely'),
(64, 'Havas Krisztián', 'Vecsés'),
(65, 'Asztalos Mihály', 'Szeged'),
(66, 'Kis Gabriella', 'Maglód'),
(67, 'Kovács Géza', 'Debrecen'),
(68, 'Kovács Jenő', 'Üllő'),
(69, 'Mészáros Géza', 'Debrecen'),
(70, 'Asztalos János', 'Szeged'),
(71, 'Asztalos Jenő', 'Vecsés'),
(72, 'Németh Judit', 'Maglód'),
(73, 'Kis Béla', 'Szombathely'),
(74, 'Kovács Mihály', 'Nyíregyháza'),
(75, 'Kis Andrea', 'Üllő'),
(76, 'Szűcs Géza', 'Debrecen'),
(77, 'Kovács János', 'Budapest'),
(78, 'Mészáros Géza', 'Budapest'),
(79, 'Németh Ágnes', 'Maglód'),
(80, 'Asztalos Angéla', 'Érd'),
(81, 'Havas Péter', 'Érd'),
(82, 'Asztalos Mihály', 'Szombathely'),
(83, 'Mészáros Péter', 'Miskolc'),
(84, 'Nagy Máté', 'Budapest'),
(85, 'Kovács Ágnes', 'Maglód'),
(86, 'Németh Mihály', 'Budapest'),
(87, 'Németh Gabriella', 'Debrecen'),
(88, 'Mészáros Péter', 'Üllő'),
(89, 'Szűcs Gabriella', 'Gyömrő'),
(90, 'Havas Mihály', 'Maglód'),
(91, 'Németh Andrea', 'Nyíregyháza'),
(92, 'Havas Béla', 'Szeged'),
(93, 'Asztalos Máté', 'Szeged'),
(94, 'Havas Mihály', 'Szentendre'),
(95, 'Asztalos Adrienn', 'Érd'),
(96, 'Mészáros Gabriella', 'Üllő'),
(97, 'Németh Andrea', 'Maglód'),
(98, 'Asztalos Angéla', 'Debrecen'),
(99, 'Kovács Jenő', 'Maglód'),
(100, 'Havas Máté', 'Üllő');

--
-- Indexes for dumped tables
--

--
-- Indexes for table `blokk`
--
ALTER TABLE `blokk`
  ADD PRIMARY KEY (`id`),
  ADD KEY `patika_id` (`patika_id`),
  ADD KEY `vasarlo_id` (`vasarlo_id`);

--
-- Indexes for table `patika`
--
ALTER TABLE `patika`
  ADD PRIMARY KEY (`id`),
  ADD KEY `nev` (`nev`),
  ADD KEY `patika_tipus_id` (`patika_tipus_id`);

--
-- Indexes for table `patika_tipus`
--
ALTER TABLE `patika_tipus`
  ADD PRIMARY KEY (`id`);

--
-- Indexes for table `vasarlo`
--
ALTER TABLE `vasarlo`
  ADD PRIMARY KEY (`id`),
  ADD KEY `telepules` (`telepules`);

--
-- AUTO_INCREMENT for dumped tables
--

--
-- AUTO_INCREMENT for table `blokk`
--
ALTER TABLE `blokk`
  MODIFY `id` bigint(20) NOT NULL AUTO_INCREMENT, AUTO_INCREMENT=1001;

--
-- AUTO_INCREMENT for table `patika`
--
ALTER TABLE `patika`
  MODIFY `id` bigint(20) NOT NULL AUTO_INCREMENT, AUTO_INCREMENT=11;

--
-- AUTO_INCREMENT for table `patika_tipus`
--
ALTER TABLE `patika_tipus`
  MODIFY `id` bigint(20) NOT NULL AUTO_INCREMENT, AUTO_INCREMENT=3;

--
-- AUTO_INCREMENT for table `vasarlo`
--
ALTER TABLE `vasarlo`
  MODIFY `id` bigint(20) NOT NULL AUTO_INCREMENT, AUTO_INCREMENT=101;
COMMIT;
